,0
0,<class 'object'>
1,–ò –∫–∞–∫ —ç—Ç–æ –¥–æ–ª–∂–Ω–æ –ø–æ–º–æ—á—å –æ—Å—Ç–∞–Ω–æ–≤–∏—Ç—å [–†–æ—Å–∫–æ–º–Ω–∞–¥–∑–æ—Ä]?
2,"–í—ã –Ω–µ –ø–æ–Ω–∏–º–∞–µ—Ç–µ, —ç—Ç–æ —Å–≤–æ–±–æ–¥–Ω–∞—è –ê–º–µ—Ä–∏–∫–∞ –≥–¥–µ —Ü–∞—Ä–∏—Ç –¥–µ–º–æ–∫—Ä–∞—Ç–∏—è!!!!"
3,–•—å—é—Å—Ç–æ–Ω —É –Ω–∞—Å –ø—Ä–æ–±–ª–µ–º—ãü§£
4,–†—É—Å—Å–∫–∏–º –¥–æ–ª–ª–∞—Ä—ã –Ω–∏ –∫ —á–µ–º—É!
5,–î–∞ –Ω–∏—á–µ –∏–∑ –†–æ—Å—Å–∏–∏ –∫–µ—à–µ–º –±—É–¥—É—Ç –∑–∞—Å—ã–ª–∞—Ç—å
6,"–ú—ã –≤–æ—é–µ–º —Å –°–®–ê –∏ –ù–ê–¢–û!""
""–û–Ω–∏ –Ω–µ–∑–∞–∫–æ–Ω–Ω–æ –±–ª–æ–∫–∏—Ä—É—é—Ç –Ω–∞—à–∏ —Å—á–µ—Ç–∞"".
–≠—Ç–∏ –¥–≤–µ –º—ã—Å–ª–∏ –∫–∞–∫-—Ç–æ —É–º–µ—â–∞—é—Ç—Å—è –≤ –≥–æ–ª–æ–≤–∞—Ö –æ–¥–Ω–∏—Ö –∏ —Ç–µ—Ö –∂–µ –ª—é–¥–µ–π."
7,"–ê —á—Ç–æ, —Ä—É–±–ª—è–º–∏ –Ω–µ –ø—Ä–∏–Ω–∏–º–∞—é—Ç —á—Ç–æ –ª–∏???"
8,"–ß—Ç–æ —Ç–∞–º –¥–µ–ª–∞—é—Ç –Ω–∞—à–∏, –ø–æ—Ä–∞ –æ—Ç—Ç—É–¥–∞ –±—ã–ª–æ —É–∂–µ —Å—Ç–æ —Ä–∞–∑ —É–µ—Ö–∞—Ç—å

–í—Å–µ —Ä–∞–≤–Ω–æ —Ä–∞–∑–≥–æ–≤–∞—Ä–∏–≤–∞—Ç—å —Å —ç—Ç–∏–º–∏ –ø–∏–¥–æ—Ä–∞–º–∏ –Ω–µ –æ —á–µ–º"
9,"[id654820|–ê–Ω—Ç–æ–Ω], —Ç–∞–∫–æ–π —Ü–µ–ª–∏ –∏ –Ω–µ —Å—Ç–æ—è–ª–æ. –ü—Ä–æ—Å—Ç–æ —Å—Ç—Ä–∞–Ω—ã –≤—ã—Ä–∞–∂–∞—é—Ç —Å–≤–æ—ë –ø—Ä–µ–∑—Ä–µ–Ω–∏–µ –∏ —Å—Ç–∞—Ä–∞—é—Ç—Å—è –æ–≥—Ä–∞–Ω–∏—á–∏—Ç—å –∫–æ–Ω—Ç–∞–∫—Ç—ã —Å –æ—Ä–∫–∞–º–∏, –≤–µ–¥—å –¥–µ–¥–∞ –≤—Å—ë —Ä–∞–≤–Ω–æ –Ω–µ –æ—Å—Ç–∞–Ω–æ–≤–∏—Ç—å –º–∏—Ä–Ω—ã–º–∏ –º–µ—Ç–æ–¥–∞–º–∏"
10,"[id155404424|Ruslan], –Ω–∞–ø–æ–º–Ω–∏, —Å–∫–æ–ª—å–∫–æ –∞–º–µ—Ä–∏–∫–∞–Ω—Å–∫–∏—Ö –ø—Ä–µ–∑–∏–¥–µ–Ω—Ç–æ–≤ —Å–º–µ–Ω–∏–ª–æ—Å—å –∑–∞ –ø–æ—Å–ª–µ–¥–Ω–∏–µ 20 –ª–µ—Ç?"
11,"[id155404424|Ruslan], –¥–µ–º–æ–∫—Ä–∞—Ç–∏—è –Ω–µ —Ä–∞–≤–Ω–æ –≤—Å–µ–¥–æ–∑–≤–æ–ª–µ–Ω–Ω–æ—Å—Ç—å"
12,"[id194870653|–î–µ–Ω–∏—Å], —Å–º–µ–Ω–∞ –ø—Ä–µ–∑–∏–¥–µ–Ω—Ç–∞=—Å–º–µ–Ω–∞ –ø–æ–ª–∏—Ç–∏–∫–∏?"
13,"[id11875095|–°–µ—Ä–≥–µ–π], –Ω–∞–ø–æ–º–Ω–∏, –∫–∞–∫ —Å–∏–ª—å–Ω–æ –∏–∑–º–µ–Ω–∏–ª–∞—Å—å –ø–æ–ª–∏—Ç–∏–∫–∞ –°–®–ê –∑–∞ –ø–æ—Å–ª–µ–¥–Ω–∏–µ 20 –ª–µ—Ç?"
14,"[id155404424|Ruslan], –∫–∞—Å–∞–µ–º–æ —Å–≤–æ–±–æ–¥ —á–µ–ª–æ–≤–µ–∫–∞ - –∫–æ–Ω–∫—Ä–µ—Ç–Ω–æ. –ü—Ä–æ –†–æ—Å—Å–∏—é —Ç–∞–∫ –º–æ–∂–Ω–æ —Å–∫–∞–∑–∞—Ç—å?"
15,"[id11875095|–°–µ—Ä–≥–µ–π], –∞ –≥–¥–µ –µ—Å—Ç—å —Å–≤–æ–±–æ–¥–∞ —á–µ–ª–æ–≤–µ–∫–∞ –≤ –ø–æ–ª–Ω–æ–º –µ—ë –ø–æ–Ω–∏–º–∞–Ω–∏–∏?"
16,"[id8160799|–ê–ª–µ–∫—Å–∞–Ω–¥—Ä], –≤ –°–µ–≤–µ—Ä–Ω–æ–π –ö–æ—Ä–µ–µ, –∫ –∫–æ—Ç–æ—Ä–æ–π –≤—ã —Å—Ç—Ä–µ–º–∏—Ç–µ—Å—å"
17,"[id11875095|–°–µ—Ä–≥–µ–π], –¥–∞–∞, –æ—Å–æ–±–µ–Ω–Ω–æ –ø–æ—Å–ª–µ –∏—Å—Ç–æ—Ä–∏–∏ —Å –§–ª–æ–π–¥–æ–º —Ç–∞–∫ –ø—Ä–∞–≤–∞–º–∏ —á–µ–ª–æ–≤–µ–∫–∞ –∑–∞–≤–µ—è–ª–æ, —á—Ç–æ –ø—Ä—è–º —Ö–æ—á–µ—Ç—Å—è —á—Ç–æ–±—ã –∏ —É –Ω–∞—Å —Ç–∞–∫–∂–µ –±—ã–ª–æ"
18,"[id155404424|Ruslan], –ø—Ä–æ –ø—ã—Ç–∫–∏ –≤ —Ç—é—Ä—å–º–∞—Ö –Ω–∞–ø–æ–º–Ω–∏—Ç—å? –ò–ª–∏ –æ–± —ç—Ç–æ–º –Ω–µ—É–¥–æ–±–Ω–æ –≥–æ–≤–æ—Ä–∏—Ç—å?"
19,"[id11875095|Sergey], –∫—Ç–æ —ç—Ç–∏ –≤—ã, –∫–æ—Ç–æ—Ä—ã–µ —Ç—É–¥–∞ —Å—Ç—Ä–µ–º—è—Ç—Å—è ,–≤ –ª—é–±–æ–π —Å—Ç—Ä–∞–Ω–µ –Ω–µ—Ç –Ω–∏–∫–∞–∫–∏—Ö —Å–≤–æ–±–æ–¥, –æ –∫–æ—Ç–æ—Ä—ã—Ö –≤—ã –≤—Å–µ –≥–æ–≤–æ—Ä–∏—Ç–µ ,–Ω–∏ –≤ –æ–¥–Ω–æ–π —Å—Ç—Ä–∞–Ω–µ –º–∏—Ä–∞ –Ω–µ–ª—å–∑—è –ø–æ–π—Ç–∏ –ø—Ä–æ—Ç–∏–≤ –≥–æ—Å. –ø–æ–≤–µ—Å—Ç–∫–∏"
20,–≠—Ç–æ –∏–º–ø–æ—Ä—Ç–æ –∑–∞–º–µ—â–µ–Ω–∏—è
21,"–î–ª—è —á—É–º–∞–∑—ã—Ö —ç—Ç–æ –Ω–æ—Ä–º–∞, –æ–Ω–∏ –∫ –ª–æ—Ç–∫—É –Ω–µ –ø—Ä–∏—É—á–µ–Ω—ã"
