,id,comment
0,545625186,['–ü–æ–º—è–Ω–µ–º —Å—Ä–æ—á–Ω–∏–∫–æ–≤']
1,42653787,['—Å–ª—ã—à—å —Å–ª—É–∂–∏—Ç—å']
2,118793196,['–ö—Ç–æ –ø—Ä–æ—á–∏—Ç–∞–ª —Ç–æ—Ç –ø–æ–ø–∞–¥–µ—Ç –≤ —Ä–∞–π']
3,225851917,"['–ö—Ç–æ –ø—Ä–æ—á–∏—Ç–∞–ª, —Ç–æ—Ç –ø–æ–ø–∞–ª –≤ –î–ù–†', '–ó–∞–ø—Ä–µ—Ç —ç–∫—Å–ø–æ—Ä—Ç–∞ –≤—ã—Å–æ–∫–∏—Ö —Ç–µ—Ö–Ω–æ–ª–æ–≥–∏–π –∏–∑ –î–ù–†', '1853-2022. –ú–æ–∂–µ–º –ø–æ–≤—Ç–æ—Ä–∏—Ç—å.', '–í –£–∫—Ä–∞–∏–Ω–µ —É–∂–µ –≤—Å–µ –∑–∞–±—ã–ª–∏ –ø—Ä–æ –ü—Ä–∞–≤—ã–π –°–µ–∫—Ç–æ—Ä, –∑–∞—Ç–æ –ü—ã–Ω—è –≤–æ—Å—å–º–æ–π –≥–æ–¥ –Ω–µ –º–æ–∂–µ—Ç –∑–∞–±—ã—Ç—å.']"
4,596620671,['–õ—É—á—à–µ –°–ú–°–∫–æ–π.']
5,53745,"['–î–∞ —á—Ç–æ —Ç–∞–º –¥–µ–ª–∞—Ç—å –≤ —ç—Ç–æ–º –≤–æ–µ–Ω–∫–æ–º–∞—Ç–µ? –°–∫—É—á–Ω–æ–µ –º–µ—Å—Ç–æ —Å –ø–ª–æ—Ö–∏–º —Ä–µ–º–æ–Ω—Ç–æ–º. –î–∞ –∏ —á—Ç–æ —Ç–∞–º, –º—ë–¥–æ–º –Ω–∞–º–∞–∑–∞–Ω–æ? –ó–∞—á–µ–º –∏–¥—Ç–∏ —Ç—É–¥–∞? –ù–µ —Ö–æ–¥–∏—Ç–µ!']"
6,569718812,"['–ß–µ –∑—É–º–µ—Ä–∫–∏, —Å—Ç—Ä–∞—à–Ω–æ? –ù–∏—á–µ–≥–æ, –ø–æ—Å–ª—É–∂–∏—Ç–µ, –∞ –º—ã –∑–∞–π–º–µ–º—Å—è –≤–∞—à–∏–º–∏ –∑—É–º–µ—Ä—à–∞–º–∏.', '–ê –ø—Ä–æ—Ç–∏–≤ 99 –Ω–µ –≤–≤–µ–ª. –õ–∏—Ü–∞ –∫–æ–ª–ª–µ–≥ –ø—Ä–µ–¥—Å—Ç–∞–≤–∏–ª–∏, –∫–æ–≥–¥–∞ –∫—Ç–æ-—Ç–æ —Å–≥–æ–Ω—è–ª –Ω–∞ –Ω–µ–¥–µ–ª—å–∫—É –≤ –ú–æ–Ω–∞–∫–æ, –∞ –∫—Ç–æ-—Ç–æ –Ω–µ—Ç.']"
7,425881183,"['–ë–ª–∏–Ω, —Ä–µ–±—è—Ç, —Ñ–∏–≥ —Å –Ω–∏–º. –°–∫–∞–∂–∏—Ç–µ –∫–∞–∫ –ú—É—Å—Å–æ–Ω–∞ –≤ –º–≥—Ä –ø–æ–±–µ–¥–∏—Ç—å –ø–∂']"
8,307149531,['–ü—Ä–æ–≥—Ä–∞–º–º–∞ –ø–æ –æ–±–º–µ–Ω—É —Å—Ä–æ—á–Ω–∏–∫–∞–º–∏ —Å –ª–¥–Ω—Ä –±—É–¥–µ—Ç?']
9,183156311,"['–ù—É, —Å –ø—Ä–∞–∑–¥–Ω–∏–∫–æ–º!']"
10,449900112,['–° –ü–†–ê–ó–î–ù–ò–ö–û–ú –ú–£–ñ–ò–ö–ò!!!! –≠–¢–æ –ª—É—á—à–∏–π –ø–æ–¥–∞—Ä–æ–∫ –Ω–∞ 23 —Ñ–µ–≤—Ä–∞–ª—è!']
11,373139859,['']
12,500418628,['']
13,290898901,"['–ï—Å–ª–∏ –Ω–µ —Ñ–µ–π–∫, —Ç–æ —ç—Ç–æ –ø–∏—Å–¥–µ—Å))) –ó–∞–ø–∞—Ä—è—Ç—Å—è —Ç–µ–ø–µ—Ä—å –æ—Ç —Å–∞–Ω–∫—Ü–∏–π –æ—Ç–º—ã–≤–∞—Ç—å—Å—è)) –î–µ—Ç–∏ –¥–æ–º–æ–π, –¥–µ–Ω—å–≥–∏ –∑–∞–±–ª–æ–∫–∏—Ä–æ–≤–∞–Ω—ã... –≤—Å—ë –∫ —ç—Ç–æ–º—É –∏ —à–ª–æ.']"
14,532417456,['']
15,1541640,['–ï—â—ë –±—ã –ø—Ä–æ–ø–∞–≥–∞–Ω–¥–æ–Ω–æ–≤ —Å —Å–µ–º—å—è–º–∏ –±—ã —Ä–∞–∑–ª—É—á–∏–ª–∏....']
16,94771722,"['–∫—Ä–∞—Å–æ—Ç–∞, –æ—Å—Ç–∞–ª–æ—Å—å –≤—Å–µ—Ö –≤—ã—Å–µ–ª–∏—Ç—å –æ—Ç—Ç—É–¥–∞ üòÅ']"
17,26748482,"['–î–∞ –ª–∞–¥–Ω–æ, –≤—Å–µ–º –∂–µ –∏–∑–≤–µ—Å—Ç–Ω–æ, —á—Ç–æ —É –¥–µ–ø—É—Ç–∞—Ç–æ–≤ –≤ –æ—Å–Ω–æ–≤–Ω–æ–º –∏–Ω–æ—Å—Ç—Ä–∞–Ω–Ω–æ–µ –≥—Ä–∞–∂–¥–∞–Ω—Å—Ç–≤–æ- —ç—Ç–æ –≥—Ä–∞–∂–¥–∞–Ω—Å—Ç–≤–æ —Å—Ç—Ä–∞–Ω –°–ù–ì –∏ –∞–∫—Ç–∏–≤—ã —Ç–∞–º –∂–µ']"
18,41590957,['']
19,35774108,"['–°–∫–∏–¥—ã–≤–∞–µ–º—Å—è –ø–∞—Ü–∞–Ω—ã, –º—ã —Ä—É—Å—Å–∫–∏–µ, —Å–≤–æ–∏—Ö –Ω–µ –±—Ä–æ—Å–∞–µ–º']"
20,25074068,['—Ç–∞–∫ –∞ —á–µ —Ä–∞–¥–æ–≤–∞—Ç—å—Å—è? –≤—Å–µ —Ä–∞–≤–Ω–æ –∑–∞ —Å—á–µ—Ç –Ω–∞—Å –≤—Å–µ –≤–æ–∑–º–µ—Å—Ç—è—Ç —Å–µ–±–µ']
21,427331004,"['""–¢–∞–º [–≤ –ï–≤—Ä–æ–ø–µ] –æ–¥–Ω–∏ –º–∏–≥—Ä–∞–Ω—Ç—ã, –≥—Ä—è–∑—å —Å—Ç—Ä–∞—à–Ω–∞—è"". –í –ì–æ—Å–¥—É–º–µ –†–§ –∑–∞—è–≤–∏–ª–∏, —á—Ç–æ —Ä–æ—Å—Å–∏–π—Å–∫–∏–µ —á–∏–Ω–æ–≤–Ω–∏–∫–∏ –∏ –¥–µ–ø—É—Ç–∞—Ç—ã —É–∂–µ –¥–∞–≤–Ω–æ ""–Ω–µ –≤ –≤–æ—Å—Ç–æ—Ä–≥–µ"" –æ—Ç –∑–∞–≥—Ä–∞–Ω–∏—á–Ω–æ–≥–æ –æ—Ç–¥—ã—Ö–∞ –∏ —à–æ–ø–∏–Ω–≥–∞, –ø–æ—ç—Ç–æ–º—É –∑–∞–ø–∞–¥–Ω—ã–µ —Å–∞–Ω–∫—Ü–∏–∏ —Ç–æ—á–Ω–æ –Ω–µ –±—É–¥—É—Ç –≤–æ—Å–ø—Ä–∏–Ω—è—Ç—ã –∏–º–∏ –∫–∞–∫ –∫–∞—Ç–∞—Å—Ç—Ä–æ—Ñ–∞.']"
22,294686013,['–Ø –¥—É–º–∞–ª —Ü–∏—Ñ—Ä—ã –≤–Ω—É—à–∏—Ç–µ–ª—å–Ω–µ–µ –±—É–¥—É—Ç.']
23,175901838,['–£–∂–∞—Å ))) –¥–æ—à–∏—Ä–∞–∫ –Ω–µ–±–æ—Å—å —Ç–µ–ø–µ—Ä—å –µ—Å—Ç—å –Ω–∞—á–Ω—É—Ç ))']
24,424643917,['–ê –∑–∞—á–µ–º –≤–æ–æ–±—â–µ –ø—Ä–∏–∑–Ω–∞–ª–∏ –õ–ù–† –∏ –î–ù–†? –Ø —ç—Ç–æ–≥–æ –Ω–∏–∫–∞–∫ –Ω–µ –ø–æ–π–º—É']
25,151695879,"['‚ö°Ô∏èYoutube-–∫–∞–Ω–∞–ª –í–ª–∞–¥–∏–º–∏—Ä–∞ –°–æ–ª–æ–≤—å–µ–≤–∞, —Ç–≤–∏—Ç—Ç–µ—Ä, —Ñ–µ–π—Å–±—É–∫ –∏ –ø—Ä–æ—á–∏–µ —Å–æ—Ü.—Å–µ—Ç–∏ –±—É–¥—É—Ç –∑–∞–±–ª–æ–∫–∏—Ä–æ–≤–∞–Ω—ã –≤ —Å–≤—è–∑–∏ —Å –ø–µ—Ä—Å–æ–Ω–∞–ª—å–Ω—ã–º–∏ —Å–∞–Ω–∫—Ü–∏—è–º–∏ –°–®–ê.\n\n–ê–Ω–∞–ª–æ–≥–∏—á–Ω—ã–µ —Å–∞–Ω–∫—Ü–∏–∏ –∫–æ—Å–Ω—É—Ç—å—Å—è –∏ –ú–∞—Ä–≥–∞—Ä–∏—Ç—É –°–∏–º–æ–Ω—å—è–Ω']"
26,245962695,"['–ù–µ –Ω–∞—Å—Ç–æ–ª—å–∫–æ, —á—Ç–æ–±—ã –æ–±–Ω–∏—â–∞—Ç—å.']"
27,685416930,"['–ù–æ—á–Ω—ã–µ 3,14–¥–æ—Ä—ã —É—Å—Ç—Ä–æ–∏–ª–∏ –º–æ—Ç–æ–ø—Ä–æ–±–µ–≥ –≤ —á–µ—Å—Ç—å –õ–î–ù–†.']"
28,408609229,"['–ï—Å–ª–∏ —Ç–æ–ª—å–∫–æ –∑–∞ —Å—á–µ—Ç –Ω–æ–≤–∞—Ç—ç–∫–∞, —Ç–∞–∫ —ç—Ç–æ –∂ –ø—É–∑—ã—Ä—å, –≤—Å–µ –≤–µ—Ä–Ω–µ—Ç—Å—è –≤ —Å–∫–æ—Ä–æ–º –≤—Ä–µ–º–µ–Ω–∏. –¢–∞–∫ —Å–µ–±–µ –Ω–æ–≤–æ—Å—Ç—å)']"
29,633650240,"['–®–æ—Ç —ç—Ç–æ, –∫–∞–∫ —Ç–æ –Ω—É –Ω–µ –æ—á–µ–Ω—å —Å–º–µ—à–Ω–æ —á—Ç–æ –ª–∏']"
30,166526704,"['–° –ø—Ä–∞–∑–¥–Ω–∏–∫–æ–º –ø–æ—Å–æ–Ω—ã!', '–ê –æ–Ω –≤—ã–≤–µ–∑ —Å–≤–æ–∏—Ö –¥–µ—Ç–µ–π –∏–∑ –∑–∞ –≥—Ä–∞–Ω–∏—Ü—ã?']"
31,209700703,['–ë—ã–ª–æ –±—ã —Å–º–µ—à–Ω–µ–µ –µ—Å–ª–∏ –±—ã –ø—Ä–∏–Ω–æ—Å–∏–ª–∏ –≤ –∂–µ—Ä—Ç–≤—É –ò–º–ø–µ—Ä–∞—Ç–æ—Ä—É –ß–µ–ª–æ–≤–µ—á–µ—Å—Ç–≤–∞']
32,18505970,['–ò —Å –¥–Ω—ë–º –∑–∞—â–∏—Ç–Ω–∏–∫–∞  –Ω–µ —Å–ª—É–∂–∏–ª –Ω–∏–º—É–∂–∏–∫ !']
33,15670962,['–í —ç—Ç–æ–º —Ö–æ—Ç—è –±—ã –µ—Å—Ç—å —Å–º—ã—Å–ª']
34,575044457,"['üëçüèª–ü—Ä–∏—Å–æ–µ–¥–∏–Ω—è—é—Å—å –∫ –ø–æ–∂–µ–ª–∞–Ω–∏—é ¬´–õ–µ–Ω—Ç–∞—á–∞¬ª!üëçüèª –ü—É—Å—Ç—å –Ω–µ –±—É–¥–µ—Ç –Ω–∏–∫–∞–∫–∏—Ö –ø–æ–≤–µ—Å—Ç–æ–∫ –∏ –Ω–∏–∫–∞–∫–æ–π –≤–æ–π–Ω—ã!‚Ä¶ –¢–µ—à—É —Å–µ–±—è –Ω–∞–¥–µ–∂–¥–æ–π, –æ—Å–Ω–æ–≤–∞–Ω–Ω–æ–π –Ω–∞ —Ç–æ–º, —á—Ç–æ –¥–∞–∂–µ —Å–∞–º—ã–µ –ø–µ—Å—Å–∏–º–∏—Å—Ç–∏—á–Ω—ã–µ –ø—Ä–æ–≥–Ω–æ–∑—ã —É–∫–∞–∑—ã–≤–∞—é—Ç –Ω–∞ —Ç–æ, —á—Ç–æ –Ω–µ–≤–æ–ª—å–Ω–∏–∫–æ–≤ (—Å–æ–ª–¥–∞—Ç-—Å—Ä–æ—á–Ω–∏–∫–æ–≤) –ü—É—Ç–∏–Ω –æ—Ç–ø—Ä–∞–≤–ª—è—Ç—å –Ω–∞ –≤–æ–π–Ω—É –Ω–µ —Ä–∏—Å–∫–Ω—ë—Ç. –ö–∞–∫ –æ–±—ã—á–Ω–æ, –¥–ª—è —Å–≤–æ–∏—Ö –∞–≤–∞–Ω—Ç—é—Ä, –æ–Ω –±—É–¥–µ—Ç –∏—Å–ø–æ–ª—å–∑–æ–≤–∞—Ç—å –∫–æ–Ω—Ç—Ä–∞–∫—Ç–Ω–∏–∫–æ–≤, –≤—Å—è–∫–∏—Ö –∏–¥–µ–π–Ω—ã—Ö ¬´–±–æ—Ä—Ü–æ–≤ –∑–∞ —Ä—É—Å—Å–∫–∏–π –º–∏—Ä¬ª, –∏ –ø—Ä–æ—á–∏—Ö ¬´–≤–∞–≥–Ω–µ—Ä–æ–≤—Ü–µ–≤¬ª. –ù—É –∞ –ø–æ–∫—É–¥–∞ —Ç–∞–∫, —Ç–æ —Å —Ä–æ—Å—Å–∏–π—Å–∫–æ–π —Å—Ç–æ—Ä–æ–Ω—ã ‚Äì –Ω–µ –±—É–¥–µ—Ç –Ω–µ–≤–∏–Ω–Ω—ã—Ö –∂–µ—Ä—Ç–≤, –¥–æ—Å—Ç–æ–π–Ω—ã—Ö –∫–∞–∫–æ–≥–æ-–ª–∏–±–æ —Å–æ—á—É–≤—Å—Ç–≤–∏—è. \n \n–≠—Ç–æ —è –∫ —Ç–æ–º—É, —á—Ç–æ –µ—Å–ª–∏ –ø—É—Ç–∏–Ω—Å–∫–æ–π –∞–≥—Ä–µ—Å—Å–∏–∏ –ø—Ä–æ—Ç–∏–≤ –£–∫—Ä–∞–∏–Ω—ã —Å—É–∂–¥–µ–Ω–æ –≤—Å–µ-—Ç–∞–∫–∏ –±—ã—Ç—å ‚Äì —Ç–æ –ø—É—Å—Ç—å –±—É–¥—É—Ç –±–ª–∞–≥–æ—Å–ª–æ–≤–µ–Ω–Ω—ã ¬´–¥–∂–µ–≤–µ–ª–∏–Ω—ã¬ª –∏ –ø—Ä–æ—á–∏–µ ¬´–±–∞–π—Ä–∞–∫—Ç–∞—Ä—ã¬ª. –ß–µ–º –±–æ–ª—å—à–µ –æ–Ω–∏ —Å–¥–µ–ª–∞—é—Ç —Ñ–∞—Ä—à–∞ –∏–∑ —ç—Ç–∏—Ö –≤—Ç–æ—Ä–≥—à–∏—Ö—Å—è –æ—Ç–º–æ—Ä–æ–∑–∫–æ–≤, –∏ —á–µ–º —â–µ–¥—Ä–µ–µ —É–¥–æ–±—Ä—è—Ç –∏—Ö –æ—à–º—ë—Ç–∫–∞–º–∏ —É–∫—Ä–∞–∏–Ω—Å–∫—É—é –∑–µ–º–ª—é ‚Äì —Ç–µ–º –ª—É—á—à–µ –±—É–¥–µ—Ç –¥–ª—è –≤—Å–µ—Ö –Ω–∞—Å‚Ä¶']"
35,702428733,"['–ú–Ω–µ –∏–Ω—Ç–µ—Ä–µ—Å–Ω–æ, –∞ –Ω–∞ —á—Ç–æ —É –Ω–∏—Ö —Ç–µ–ø–µ—Ä—å –Ω–µ –±—É–¥–µ—Ç —Ö–≤–∞—Ç–∞—Ç—å?', '–ß—Ç–æ —Å–æ–∂–≥–ª–∏ –≤ —ç—Ç–æ—Ç —Ä–∞–∑?']"
36,241502347,"['–£—á–∏—Ç—ã–≤–∞—è, —á—Ç–æ –≤—á–µ—Ä–∞ –≤ –≤—Ç–æ—Ä–æ–º —á—Ç–µ–Ω–∏–∏ –æ–¥–æ–±—Ä–∏–ª–∏ –Ω–æ–≤—ã–π –∑–∞–∫–æ–Ω–æ–ø—Ä–æ–µ–∫—Ç –æ –ø–æ–≤–µ—Å—Ç–∫–∞—Ö...\n–í–æ—Ç –≤–æ–æ–±—â–µ –Ω–µ —Å–º–µ—à–Ω–æ']"
37,153034634,['https://prizyvanet.ru/']
38,194904350,"['—Ç–µ–º –≤—Ä–µ–º–µ–Ω–µ–º —Ä—É–±–ª—å', '–º–µ–Ω—Ç—ã —Å —Ä—É–±–ª—ë–≤–∫–∏ —Å–Ω–∏–º–∞—é—Ç –¥–µ–≤–æ–∫ –¥–æ—Ä–æ–≥–∏—Ö. —Å –ø–µ—Ç—Ä–æ–≤—ã–º –ø–æ—Ö–æ–¥—É –∑–∞–±—É—Ö–∞–ª–∏ –Ω–∞ 23 —Ñ–µ–≤—Ä–∞–ª—è']"
39,52134919,['–£—Ä–æ–≤–µ–Ω—å –∫—Ä–∏–Ω–∂–∞ –≤ –º–∏—Ä–µ —Ä–∞—Å—Ç—ë—Ç –≤ –≥–µ–æ–º–µ—Ç—Ä–∏—á–µ—Å–∫–æ–π –ø—Ä–æ–≥—Ä–µ—Å—Å–∏–∏.']
40,824457,['']
41,5020238,"['–°—Ä–∞–Ω—ã–π —Å—Ç—É–ª—å—á–∞–∫. –•–º...', '–í –ö—Ä—ã–º—É –º–Ω–æ–≥–æ –º–µ—Å—Ç–Ω—ã—Ö, –∫–æ—Ç–æ—Ä—ã—Ö –§–°–ë –º–æ–∂–µ—Ç –ø—É—Å—Ç–∏—Ç—å –≤ —Ä–∞—Å—Ö–æ–¥. –í –†–§ —Å–æ–±—Å—Ç–≤–µ–Ω–Ω–æ –µ—â—ë –±–æ–ª—å—à–µ.']"
42,354457579,"['–æ–Ω–∏ —Ç–∞–∫ –∫—Ä–∞—Å–∏–≤–æ –≥–æ–≤–æ—Ä—è—Ç, –∞ –∫–æ–≥–¥–∞ –ø–µ—Ä–µ–¥ –¥–µ–¥–æ–º —Å—Ç–æ—è—Ç, —Ç–æ ""—è... –∞.. —ç.."")']"
43,623068714,"['–¢–∞–∫ —ç—Ç–æ –∂–µ –≤ –∫—É–±–µ –ø–æ–ª—É—á–∞–µ—Ç—Å—è —É–∂–µ, –Ω–µ—Ç?']"
44,1793166,['–ë–ª–µ—â–µ—Ç —É–º–æ–º']
45,1900946,['–≥–µ–Ω–µ—Ä–∞–ª –ë—É–±—É—Ç–∞']
46,658626224,['–ê –ø–æ—Ç–æ–º –∏ —Ç—É—Ä—á–∞–∫ –Ω–∞–ª–æ–∂–∏—Ç –≤ —à—Ç–∞–Ω—ã –æ—Ç –±–ª–∏–∑–æ—Å—Ç–∏ —Å —Ä–æ—Å—Å–∏–π—Å–∫–∏–º –Ω–∞—Ä–æ–¥–æ–ºüòé']
47,363110884,"['–≤–æ—Ä–æ–Ω–µ–∂, –∑–∞–¥—Ä–∞–∏—Ç—å –ª—é–∫–∏!']"
48,63592504,['–ù–∞–∫–æ–Ω–µ—Ü –≤–æ—Ä–æ–Ω–µ–∂ —Ä–∞–∑–±–æ–º–±—è—Ç']
49,12003996,['ü§£üòÇüòÖ E–±a–Ω—ã–π —Ö–æ—Ö–æ—Ç–∞—á']
50,377242274,['–ó–∞—á–µ–º –¥–∞–≤–∞—Ç—å –æ—Ç–≤–µ—Ç –Ω–∞ —Ç–æ —á—Ç–æ —è–≤–ª—è—Ç—Å—è –ü–û–õ–¨–ó–û–ô ? –ö–∞–∫–æ–π –≤ —ç—Ç–æ–º —Å–º—ã—Å–ª ?']
51,18351337,['–í–æ—Ä–æ–Ω–µ–∂ –º—ã —Å —Ç–æ–±–æ–π ü§£ü§£ü§£ü§£']
52,82693180,['–ú–æ–∂–Ω–æ –Ω–∏–Ω–∞–¥–∞ :(']
53,551892568,"['–ï—â–µ –±–æ–ª—å—à–µ –±—É–¥—É—Ç –≤ —Ç–µ–ª–µ–∫–∞–Ω–∞–ª–∞—Ö –∫—Ä–∏—á–∞—Ç—å, –∫–∞–∫ –°–®–ê —Å–∫–æ—Ä–æ –∫–∞—é–∫']"
54,268927,['–í—Å–µ–º —á–∏–Ω–æ–≤–Ω–∏–∫–∞–º –°–®–ê –∑–∞–ø—Ä–µ—Ç—è—Ç –≤—ä–µ–∑–¥ –≤ –†–§ –∏ –∑–∞–±–ª–æ–∫–∏—Ä—É—é—Ç –∏—Ö —Å—á–µ—Ç–∞ –≤ —Ä–æ—Å—Å–∏–π—Å–∫–∏—Ö –±–∞–Ω–∫–∞—Ö?']
55,475239,"['–í–ø–æ–ª–Ω–µ –º–æ–≥—É—Ç –∑–∞–ø—Ä–µ—Ç–∏—Ç—å —ç–∫—Å–ø–æ—Ä—Ç —Ç–∏—Ç–∞–Ω–∞, –ø–∞–ª–ª–∞–¥–∏—è –∏ –Ω–µ–æ–Ω–∞ –≤ –æ—Ç–≤–µ—Ç –Ω–∞ –∑–∞–ø—Ä–µ—Ç –∏–º–ø–æ—Ä—Ç–∞ –∏–Ω–æ—Å—Ç—Ä–∞–Ω–Ω—ã—Ö —Ç–µ—Ö–Ω–æ–ª–æ–≥–∏–π –≤ –†–æ—Å—Å–∏—é. –ë–æ–∏–Ω–≥, –ê—ç—Ä–±–∞—Å –±—É–¥—É—Ç —Ç–æ–≥–¥–∞ –¥–µ–ª–∞—Ç—å –∏–∑ –¥–µ—Ä–µ–≤–∞, –∞ –ø—Ä–æ—Ü–µ—Å—Å–æ—Ä—ã –∏ —á–∏–ø—ã –∏–∑ –≤–æ–∑–¥—É—Ö–∞.']"
56,8302196,['–£—Ä–æ–∫–∏ –∏—Å—Ç–æ—Ä–∏–∏ –æ–¥–∏–Ω –∑–∞ –æ–¥–Ω–∏–º']
57,42228186,"['–û–ø–∞, —É—Ä–æ–∫–∏ –∏—Å—Ç–æ—Ä–∏–∏ –æ—Ç –∑–∞–ø–∞–¥–Ω—ã—Ö –∫–æ–ª–ª–µ–≥']"
58,17100090,['–ï—â–µ –æ–¥–∏–Ω –ø–æ–≤—Ç–æ—Ä–∏—Å—Ç']
59,505614835,"['–°—é–∂–µ—Ç —Ä–∞—Å–∫—Ä—É—á–∏–≤–∞–µ—Ç—Å—è, –∂–¥—É –Ω–æ–≤—É—é —Å–µ—Ä–∏—é']"
60,217170719,['—á—Ç–æ –∑–∞ –∏—Å—Ç–æ—Ä–∏–∫–∏ –ø–æ—à–ª–∏ ü•±']
61,110949099,"['–î–∞ –º—ã –≤ –∫—É—Ä—Å–µ, —Å–∞–º–∏ –≤ –∞.—É–µ...']"
62,1827154,"['–ù—É –ø—É—Å—Ç—å –ø–æ–∂–∞–ª—É—é—Ç –≤ –ö—Ä—ã–º, –ø–æ—Å–º–æ—Ç—Ä–∏–º - –Ω–∞ —á—Ç–æ –æ–Ω–∏ —Å–ø–æ—Å–æ–±–Ω—ã —Å–µ–≥–æ–¥–Ω—è)\n\n–ö–∞–∫ –±—ã –∏–º –∏—Ö –º–µ—Ö–æ–≤—ã–µ —à–∞–ø–∫–∏ –Ω–µ –ø–æ–≤—ã–≤–æ—Ä–∞—á–∏–≤–∞–ª–∏ –º–µ—Ö–æ–º –≤–Ω—É—Ç—Ä—å –∏ –∏—Ö –≤–º–µ—Å—Ç–µ —Å —à–∞–ø–∫–∞–º–∏...']"
63,13173564,"['""–£ –†–æ—Å—Å–∏–∏ –¥–≤–∞ –≤—Ä–∞–≥–∞: —á–µ—Ä–Ω–æ—Å–ª–∏–≤ –∏ –∫—É—Ä–∞–≥–∞."" - –ù–∏–∫–æ–ª–∞–π I']"
64,11269438,['–£–∂–µ –ø—Ä–æ–±–æ–≤–∞–ª–∏ –ø–Ω—É—Ç—å']
65,522206166,"['–î—É–º–∞—é –≤—Å–µ –ø–æ–Ω–∏–º–∞—é—Ç, –ø–æ—á–µ–º—É...']"
66,4135040,"['–û—Ñ–∏—Ü–∏–∞–ª—å–Ω—ã–π –ø—Ä–µ–¥—Å—Ç–∞–≤–∏—Ç–µ–ª—å\xa0–ú–ò–î\xa0–ö–ù–†\xa0–•—É–∞ –ß—É–Ω—å–∏–Ω\xa0–∑–∞—è–≤–∏–ª–∞, —á—Ç–æ –ö–∏—Ç–∞–π –≤—ã—Å—Ç—É–ø–∏–ª –ø—Ä–æ—Ç–∏–≤ —Å–∞–Ω–∫—Ü–∏–π –≤ –æ—Ç–Ω–æ—à–µ–Ω–∏–∏ –†–æ—Å—Å–∏–∏.']"
67,570590894,"['–°–∞–º–æ–µ –≥–ª–∞–≤–Ω–æ–µ –∫–æ–∫–æ—Å –≤—ã–≤–µ–∑—Ç–∏, –æ–Ω –µ—â—ë –Ω—É–∂–µ–Ω –¥–ª—è –º–µ–∂–¥—É–Ω–∞—Ä–æ–¥–Ω–æ–π –¥–∏–ø–ª–æ–º–∞—Ç–∏–∏ üòú']"
68,13540074,['']
69,30889061,['–î–∞ —á–µ –±—É–¥–µ—Ç —Å –¥–∏–ø–ª–æ–º–∞—Ç–∞–º–∏? –≠—Ç–æ –∂ —á–µ–º–æ–¥–∞–Ω']
70,706116097,['–ê —Ç–µ–ø–µ—Ä—å –Ω–∞—á–Ω–∏ –≤–æ–π–Ω—É']
71,701820658,['–≠—Ç–æ —Ç–≤–∞—Ä–∏!']
72,705572723,"['–£—Ä–∞ –∑–∞–∫–æ–Ω—á–∏–ª—Å—è –æ—Ç–¥—ã—Ö —É –∫—Ä–µ–º–ª–µ–≤—Å–∫–∏—Ö –Ω–∞ –ª–∞–∑—É—Ä–Ω–æ–º –±–µ—Ä–µ–≥—É, –ø—É—Å—Ç—å —Å–µ–π—á–∞—Å –≤ –∫—Ä—ã–º—É –∏ –∫—Ä–∞—Å–Ω–æ–¥–∞—Ä–µ –æ—Ç–¥—ã—Ö–∞—é—Ç, –µ—â–µ –≤—Å—é –∏—Ö —à—É—à—É—Ä—É —Å—ã–Ω–∫–æ–≤ –∏ –¥–æ—á–µ–∫ –æ–±—Ä–∞—Ç–Ω–æ –≤ —Ä–æ—Å—Å–∏—é –≥–æ–Ω–∏—Ç–µ –∏ –∑–∞–∫—Ä–æ–π—Ç–µ –≤—Å–µ —Å—á–µ—Ç–∞ –∏ —Ñ–∏—Ä–º—ãüòÇüòÇüòÇ']"
73,706692301,['https://vk.com/music/playlist/534072321_21']
74,20153631,"['–æ–π-–æ–π....—Ç—É—à—ë–Ω–æ—á–Ω–∞—è –Ω–µ–≤–µ—Å—Ç–∞ –Ω–∞—Å —Ä–∞—Å–∫—Ä—ã–ª–∞ ! (—Å)\n–°–ø–µ—Ü–Ω–∞–∑ –°–®–ê –ø–æ–∫–∏–Ω—É–ª –£–∫—Ä–∞–∏–Ω—É, –∏—Ö –ø–æ—Å–ª–µ–¥–Ω–µ–π –º–∏—Å—Å–∏–µ–π –±—ã–ª–æ —Å–æ–ø—Ä–æ–≤–æ–∂–¥–µ–Ω–∏–µ –∞–º–µ—Ä–∏–∫–∞–Ω—Å–∫–∏—Ö –¥–∏–ø–ª–æ–º–∞—Ç–æ–≤ –≤ –ü–æ–ª—å—à—É ‚Äî –ø–µ—Ä–µ–¥–∞—é—Ç CNN']"
75,539517097,['–ü–æ–¥–æ—Ä–≤–∞—Ç—å –æ—á–µ—Ä–µ–¥–Ω–æ–π —Ä–∞–∑ –ß–µ—Ä–Ω–æ–±—ã–ª—å üëç']
76,578419768,['–≠—Ç–æ –≤ –∫—Ä–∞—Ç—Ü–µ? \n–ù–∞–¥–µ—é—Å—å –Ω–µ—Ç 1 —á–∞—Å–æ–≤–æ–≥–æ –ª–µ–∫—Ü–∏–∏?']
77,706313396,['–°–ø–æ–π–ª–µ—Ä: –Ω–µ—Ç (?).']
78,365115945,"['–ë—ã–ª–æ –±—ã —É –£–∫—Ä–∞–∏–Ω—ã –Ø–û, —Ç–æ –∏ –ø—Ä–æ–±–ª–µ–º –Ω–µ –±—ã–ª–æ —Ç–∞–∫–∏—Ö. –õ—é–±–æ–π —Å—Ç—Ä–∞–Ω–µ, –∫–æ—Ç–æ—Ä–∞—è –Ω–∞—Ö–æ–¥–∏—Ç—Å—è –Ω–∞ –≥—Ä–∞–Ω–∏ —É–Ω–∏—á—Ç–æ–∂–µ–Ω–∏—è, –Ω–µ–æ–±—Ö–æ–¥–∏–º–∞ –Ø–û.']"
79,52131438,"['–£–∫—Ä–∞–∏–Ω—Å–∫–∏–µ –æ–±—ã—á–Ω—ã–µ –±–æ–µ–ø—Ä–∏–ø–∞—Å—ã –Ω–µ–æ–¥–Ω–æ–∫—Ä–∞—Ç–Ω–æ –ø–∞–¥–∞–ª–∏ –Ω–∞ —Ç–µ—Ä—Ä–∏—Ç–æ—Ä–∏—é –†–æ—Å—Å–∏–∏, –∏ –≤ –∞–±—Å–æ–ª—é—Ç–Ω–æ–º –±–æ–ª—å—à–∏–Ω—Å—Ç–≤–µ —Å–ª—É—á–∞–µ–≤ —ç—Ç–æ –±—ã–ª–∞ —è–≤–Ω–∞—è —Å–ª—É—á–∞–π–Ω–æ—Å—Ç—å, –ø–æ—ç—Ç–æ–º—É –≤–æ–∑–Ω–∏–∫–∞—é—Ç —Å–æ–º–Ω–µ–Ω–∏—è –≤ —Ç–æ–º, —á—Ç–æ —è–¥–µ—Ä–Ω—ã–º–∏ –±–æ–µ–ø—Ä–∏–ø–∞—Å–∞–º–∏ —ç—Ç–∞ —Å—Ç—Ä–∞–Ω–∞ —Å–º–æ–∂–µ—Ç —É–ø—Ä–∞–≤–ª—è—Ç—å –±–æ–ª–µ–µ —Ç–æ—á–Ω–æ.\n\n–¥–∞–ª—å—à–µ —á–∏—Ç–∞—Ç—å –Ω–µ —Å—Ç–∞–ª']"
80,12937086,"['–ê –∑–∞—á–µ–º —ç—Ç–æ –≤—Å—ë,–µ—Å–ª–∏ –Ω—É–∂–Ω–æ –ø—Ä–æ—Å—Ç–æ —Ä–∞–∑–≤–∏–≤–∞—Ç—å—Å—è —ç–∫–æ–Ω–æ–º–∏–∫–µ,—Å–æ—Ü –ø–æ–ª–∏—Ç–∏–∫–µ –∏ —Ç–¥']"
81,28446576,['–Ø–û –Ω–∞ —Ç–µ—Ä—Ä–∏—Ç–æ—Ä–∏–∏ –£–∫—Ä–∞–∏–Ω—ã —ç—Ç–æ —É–≥—Ä–æ–∑–∞ –≤—Å–µ–º –Ω–∞—à–∏–º –∑–∞–±—Ä–æ—à–µ–Ω–Ω—ã–º —Å–∞—Ä–∞—è–º (—Å)']
82,476183499,['–ë—É–¥–∞–ü–µ—à—Ç—Å–∫–∏–π –º–µ–º–æ—Ä–∞–Ω–¥—É–º –±—ã–ª –æ—à–∏–±–∫–æ–π']
83,294712608,"['–¢–∞–∫ —ç—Ç–æ –∑–∞—è–≤–∏–ª –ó–µ–ª–µ–Ω—Å–∫–∏–π, –µ—Å–ª–∏ —ç—Ç–æ –Ω–µ —Ç–∞–∫, —Ç–æ –ø–æ–ª—É—á–∞–µ—Ç—Å—è –ª–µ–Ω—Ç–∞—á –¥–æ–∫–∞–∑—ã–≤–∞–µ—Ç, —á—Ç–æ –ø—Ä–µ–∑–∏–¥–µ–Ω—Ç –£–∫—Ä–∞–∏–Ω—ã –±–∞–ª–∞–±–æ–ª.']"
84,371859512,"['–ó–µ–ª–µ–Ω—Å–∫–∏–π –≥–æ–≤–æ—Ä–∏–ª –ø—Ä–æ –Ω–µ—Å–æ–±–ª—é–¥–µ–Ω–∏–µ –±—É–¥–∞–ø–µ—à—Ç—Å–∫–æ–≥–æ –º–µ–º–æ—Ä–∞–Ω–¥—É–º–∞, –∏ –≥–æ–≤–æ—Ä–∏–ª–∞, –µ—Å–ª–∏ –Ω–∞–º –Ω–µ –º–æ–≥—É—Ç –æ–±–µ—Å–ø–µ—á–∏—Ç—å –±–µ–∑–æ–ø–∞—Å–Ω–æ—Å—Ç—å, —Ç–æ–≥–¥–∞ –Ω–∞–º –ø—Ä–∏–¥–µ—Ç—Å—è —Å–æ–∑–¥–∞–≤–∞—Ç—å —Å–Ω–æ–≤–∞ —è–¥–µ—Ä–Ω–æ–µ –æ—Ä—É–∂–∏–µ. –ê –ø—Ä–∏—á–∏–Ω–æ–π –∫–∞–∫ —Ä–∞–∑ –∏ –±—ã–ª —Ä–∏—Å–∫ —ç—Å–∫–∞–ª–∞—Ü–∏–∏.\n–î–µ–¥ –ø–µ—Ä–µ–∫—Ä—É—Ç–∏–ª –º–∞–∫—Å–∏–º–∞–ª—å–Ω–æ, –º–æ–ª –£–∫—Ä–∞–∏–Ω–∞ —Å–æ–±–∏—Ä–∞–µ—Ç—Å—è —É–∂–µ –±–æ–º–±—ã –¥–µ–ª–∞—Ç—å –∏ –≤—Å–µ —É—Å–ª–æ–≤–∏—è –µ—Å—Ç—å (–±—É–¥—Ç–æ —ç—Ç–æ –≤ –ø–æ–¥–≤–∞–ª–∞—Ö –≤ –ß–µ—Ä–Ω–æ–±—ã–ª–µ –º–æ–∂–Ω–æ —Å –∏–∑–æ–ª–µ–Ω—Ç–æ–π —Å–¥–µ–ª–∞—Ç—å —è–¥–µ—Ä–Ω–æ–µ –æ—Ä—É–∂–∏–µ)']"
85,69501551,"['–ù–µ–∏–∑–≤–µ—Å—Ç–Ω–æ, –ª–µ–Ω—Ç–∞—á\n–°–ª–∏—Ç–Ω–æ\n–°–æ—Ä–∏ –∑–∞ –Ω—É–¥—è—Ç–∏–Ω—É']"
86,1739380,['']
87,583287886,"['—Å–ª–∞–≤–∞ –±–æ–≥—É, —á–æ']"
88,20864274,['–•–∞—Ö–∞–∞—Ö\n–ù—É —á—Ç–æ –∑–∞ –±—Ä–µ–¥–Ω–∏\n–¢–∞–º –æ—Ç –ø—Ä–∞–≤–æ–≥–æ —Å–µ–∫—Ç–æ—Ä–∞ —É–∂–µ –Ω–∏—á–µ–≥–æ –Ω–µ –æ—Å—Ç–∞–ª–æ—Å—å –¥–∞–≤–Ω–æ']
89,8025868,"['–¢–∞–∫–∂–µ –§–°–ë —Å–æ–æ–±—â–∞–µ—Ç, —á—Ç–æ –∑–∞–¥–µ—Ä–∂–∞–ª–∞ –û–±–∞–º—É, —Å—Å—É—â–µ–≥–æ –≤ –ø–æ–¥—ä–µ–∑–¥–µ.']"
90,18612363,['–ê –≥–¥–µ —Å–µ–π—á–∞—Å –Ø—Ä–æ—à?']
91,0,"['', '', '', '', '', '', '', '']"
92,349295221,['']
93,114711538,['–£–ª—å—Ç–∞–Ω—É–ª']
94,548470384,"['–•–ê–•–ê–•–ê–•–ê–•–ê–ê–•–ê–•–ê–•–ê–•–ê–•–ê–•–ê–•–ê–•–•–ê–•–ê –±–ª—è—è—è—è—Ç—å', 'dead inside', '–ü–∞—Ä–Ω–∏ –±—Ä–æ—Å–∏–ª–∏ —Ä–∞—Å—Å—Ç—Ä–æ–∏–ª–∏—Å—å –∏ –ø—Ä—ã–≥–Ω—É–ª–∏ –≤–æ—Ç –¥–æ–ª–±–∞—ë–±—ã']"
95,496069211,['']
96,24421808,['–ù–∞ —ç—Ç–æ –∏ –±—ã–ª —Ä–∞—Å—á—ë—Ç —Å–µ–º—å–∏üòè']
97,416169979,['–º–æ–π —É—Ä–æ–≤–µ–Ω—å –≤–µ–∑–µ–Ω–∏—è:']
98,524322285,['–õ–æ—Ö']
99,577041184,"['–ë–ª—è—Ç—å –∞ –∫–∞–∫ —Ä–∞–¥–æ–≤–∞—Ç—å—Å—è', '2', 'Golden wind']"
100,215769995,['']
101,683464325,"['–Ø ""—É–º–∏—Ä–∞—é"" –∫–∞–∂–¥—ã–π —Ä–∞–∑ –æ—Ç —Å—á–∞—Å—Ç—å—è , –∫–æ–≥–¥–∞ –º–æ–π –ø–∞—Ä–µ–Ω—å –¥–∞—Ä–∏—Ç –º–Ω–µ —á—Ç–æ –Ω–∏–±—É–¥—å –¥–æ—Ä–æ–≥–æ–µ)']"
102,474262483,['1']
103,644143754,['3']
104,457195376,['4']
105,258224321,['']
106,399492606,['6']
107,512182310,['7']
108,428679706,['8']
109,298666389,['–ò–¥–∏ —Ç—ã —Å–æ —Å–≤–æ–∏–º fisting ass –∏–ª–∏ suck dick']
110,518567027,['10']
111,559320655,['–ó–∞—á–µ–º –¥–µ–ª–∞—Ç—å —Ç–∞–∫–∏–µ –≤–±—Ä–æ—Å—ã? –≠—Ç–∞ –∫–æ—Ä–æ–ª–µ–≤–∞ –∏ –∫–æ—Ä–æ–Ω—É –ø–µ—Ä–µ–∂–∏–≤–µ—Ç']
112,366400700,"['–ù—É —Ö–∑, —É–∂–µ –Ω–µ–¥–µ–ª—é –Ω–∞ –£–∫—Ä–∞–∏–Ω—É –Ω–∞–ø–∞–¥–∞–µ–º']"
113,252529504,['–ü–æ—Ö—É–π']
114,175102373,['–ö–æ—Ä–æ—Ç–∫–æ –æ–± –ê–º–µ—Ä–∏–∫–∞–Ω—Å–∫–∏—Ö —Å–º–∏üòπ']
115,569178119,"['2022 —Ö–æ—Ä–æ—à–∏–π —Å–∏–∫–≤–µ–ª, –ª—É—á—à–µ —á–µ–º –®—Ä—ç–∫ 2üëçüëçüëç']"
116,126428757,['–û–Ω–∞ –∂–µ –±–µ—Å—Å–º–µ—Ä—Ç–Ω–∞—è']
117,186536888,"['—ç—Ç–æ –±—ã–ª ""—Å–∞—Ä–∫–∞–∑–º"" –ø–æ –ø–æ–≤–æ–¥—É –ø–æ—Å–ª–µ–¥–Ω–µ–≥–æ –≤—ã—Å–∫–∞–∑—ã–≤–∞–Ω–∏—è —Å–æ —Å—Ç–æ—Ä–æ–Ω—ã –õ–æ–Ω–¥–æ–Ω–∞ - –†–æ—Å—Å–∏–∏']"
118,510508400,"['–ù—Ä–∞–≤–∏—Ç—Å—è –Ω–µ –Ω—Ä–∞–≤–∏—Ç—Å—è, —Ç–µ—Ä–ø–∏—Ç–µ, –∫—Ä–∞—Å–∞–≤–∏—Ü—ã)', '–ö—Ç–æ –ø–æ–Ω—è–ª —Ç–æ—Ç –ø–æ–Ω—è–ªüòÖ']"
119,564029242,"['–ù—É –≤—ã —á–µ–µ–µ, –æ–Ω–∞ –ø—Ä–æ—Å—Ç–æ —É—Å–Ω—É–ª–∞ UwU']"
120,229057671,['–ß—Ç–æ... –∞ –µ—Å–ª–∏  –º—É–∂—á–∏–Ω–∞ –∫—É–ø–∏—Ç—å –Ω–∏–∫–∞–∫ –∏—Ö –¥–æ —Å–∏—Ö –ø–æ—Ä –Ω–µ –º–æ–∂–µ—Ç?\n–ê —Ç—ã –º–æ–∂–µ—à—å –µ–º—É –≤ —ç—Ç–æ–º –ø–æ–º–æ—á—å –Ω–∞–ø—Ä–∏–º–µ—Ä?\n–°—Ç—Ä–∞–Ω–Ω–æ—Å—Ç–∏...']
121,502229850,['ü§£ü§£ü§£ –ú—É–∂–∏–∫–∏ –°–ù–ò–ú–ê–ô–¢–ï –ù–û–°–ö–ò üòÇ']
122,572160438,['–≠—Ç–æ ¬´–ø—Ä–∏–∫–æ–ª¬ª –∏–∑ –∏–Ω—Å—Ç–∞–≥—Ä–∞–º–º–∞. –ù–µ —Å—Ç–æ–∏—Ç –≤–æ—Å–ø—Ä–∏–Ω–∏–º–∞—Ç—å –µ–≥–æ —Å–ª–æ–≤–æ –≤—Å–µ—Ä—å—ë–∑.']
123,556694188,['–Ø –ª—é–±–ª—é —à–µ—Ä—Å—Ç—è–Ω—ã–µ  –Ω–æ—Å–∫–∏']
124,407723373,['–Ω—É–∂–Ω–æ –º–µ–Ω—å—à–µ —Å–ª—É—à–∞—Ç—å —Å–≤—è—â–µ–Ω–Ω–∏–∫–æ–≤.']
125,505759939,['–ß–µ –∑–∞ –¥–∏—á—å –≤—ã –Ω–µ—Å—ë—Ç–µ ?']
126,184049492,"['–õ–∞–π–∫–Ω–∏—Ç–µ –∞–≤—É –ø–æ–∂–∞–ª—É–π—Å—Ç–∞, –≤–∑–∞–∏–º–Ω–æ', '–õ–∞–π–∫–Ω–∏—Ç–µ –∞–≤—É –ø–æ–∂–∞–ª—É–π—Å—Ç–∞, –≤–∑–∞–∏–º–Ω–æ']"
127,421322973,"['–ï—Å–ª–∏ –¥–µ–≤—É—à–∫–∞ –≤–º–µ—Å—Ç–æ ps5 –ø–æ–¥–∞—Ä–∏–ª–∞ –Ω–æ—Å–∫–∏ –∑–Ω–∞–π—Ç–µ, –æ–Ω–∞ –≥—Ä–µ—à–Ω–∏—Ü–∞ –∏ –µ—ë –∂–¥—ë—Ç –∫–æ—Å—Ç—ë—Äüî•']"
128,377933472,['–ú–Ω–µ –ø–æ–¥–∞—Ä–∏–ª–∏ 4500 –∏ —à–æ–∫–æ–ª–∞–¥']
129,521199015,['–ü–æ—ç—Ç–æ–º—É –Ω–∞–¥–æ –ø–æ–∫—É–ø–∞—Ç—å —Ç—Ä—É—Å—ã']
130,267400273,['–≠—Ç–æ —á—Ç–æ –∑–∞ —ç–ª–∏—Ç–Ω—ã–π –º–∞–≥–∞–∑–∏–Ω —Ç–∞–∫–æ–π?']
131,195025894,['–ê –∫–∞–∫ –∂–µ —è–π—Ü–∞ –∏ –º–∞–π–æ–Ω–µ–∑?']
132,236836140,"['–ì—Ä–µ—á–∫–∞ 48—Ä\n–°–º–µ—Ç–∞–Ω–∞ 69—Ä\n–ú–∞—Å–ª–æ —è –Ω–µ –µ–º, –∞ —Ç–∞–∫ 120—Ä']"
133,566510479,"['', '']"
134,525431205,['–≥–ª–∞–≤–Ω–æ–µ –∑–Ω–∞—Ç—å –≥–¥–µ –ø–æ–∫—É–ø–∞—Ç—å']
135,144480279,"['–ß—Ç–æ-—Ç–æ —è —Ç–æ–∂–µ –Ω–µ –ø—Ä–∏–ø–æ–º–Ω—é, —á—Ç–æ–±—ã –≥—Ä–µ—á–∞ —Ç–∞–∫ –¥–æ—Ä–æ–≥–æ —Å—Ç–æ–∏–ª–∞, —É –Ω–∞—Å –æ–Ω–∞ —Ç–æ–∂–µ –ø–æ –¥–µ—à—ë–≤–∫–µ –≤ –ú–∞—Ä–∏–π–∫–µ –∏ –ú–∞–≥–Ω–∏—Ç–µ –ø—Ä–æ–¥–∞—ë—Ç—Å—è']"
136,121385038,"['–ï–±–∞—Ç—å, —ç—Ç–æ –≥–¥–µ —Ç–∞–∫–∏–µ —Ü–µ–Ω—ã?']"
137,601447820,['–ú–∞—Å–ª–æ 400 —Ä—É–±–ª–µ–π –µ–±–∞—Ç—å –≤—ã –∞—Ö—É–µ–≤—à–∏–µ? –ö–∞–∫–∏–µ 3000']
138,1040973,"['–ö—Ç–æ –∫–∞–∫, –∞ –º—è—Å–æ –Ω–∞ —Å—Ç–æ–ª–µ –∫–∞–∂–¥—ã–π –¥–µ–Ω—å']"
139,544165081,['–≠–¥–≥–∞—Ä —É–ª—å—Ç–∞–Ω—É–ª —Å –∫—Ä—ã—à–∏']
140,590515535,['']
141,358234257,['']
142,337059359,"['–ù—É –ø—Ä—ã–≥–Ω—É–ª–∏ –∏ –ø—Ä—ã–≥–Ω—É–ª–∏, —á–µ –±—É–±–Ω–µ—Ç—å —Ç–æ']"
143,288548416,['–î–∞—É–Ω—ã)']
144,697139736,['—á—Ç–æ –±—ã–ª–æ –≤ –≥–æ–ª–æ–≤–∞—Ö –ø–æ–¥—Ä–æ—Å—Ç–∫–æ–≤ –≤ 90–µ?']
145,591441523,['–ò –∫–∞–º–Ω–µ–º –≤–Ω–∏–∑...']
146,535173344,['–ò —á—Ç–æ —Ç—É—Ç?']
147,396523544,['–ò —à–æ–∫–æ–ª–∞–¥–Ω—ã–π –∫–∞–º–Ω–µ–ø–∞–¥']
148,545160915,['']
149,302903652,['–ü–± –ø–ª–µ–∑']
150,368851218,['–ß—Ç–æ —Ç—É—Ç –ø—Ä–æ–∏—Å—Ö–æ–¥–∏—Ç?\n–û–±—ä—è—Å–Ω–∏–µ –ø–ª–µ–∑']
151,492385902,['–ü–æ—è—Å–Ω–∏—Ç–µ–ª—å–Ω—É—é –±—Ä–∏–≥–∞–¥—É']
152,246724044,"['–ó–æ–ª–æ—Ç–æ–π –¥–æ–∂–¥—å - –ó–î –ó-–ó–æ–ª–æ—Ç–æ–π, –î-–î–æ–∂–¥—å']"
153,26812257,['–Ø –¥—É–º–∞–ª –≠–¥']
154,705105666,"['–ë–ª–∏–Ω, —â–∞—Å –≤ –ø–æ–¥–≤–∞–ª–∞—Ö –º–µ—Å—Ç–∞ –Ω–µ –±—É–¥–µ—Ç']"
155,601917638,['–ù—É –Ω–∏—á–µ–≥–æ —Å—Ç—Ä–∞—à–Ω–æ–≥–æ']
156,320741756,['–ü–∑–¥—Ü']
157,315148168,['']
158,67704148,['–ß–∏–Ω–æ–≤–Ω–∏—á—å–∏ –¥–µ—Ç–∫–∏ –ø—É—Å—Ç—å –∏–¥—É—Ç –≤–æ–µ–≤–∞—Ç—å! –ú—Ä–∞–∑–∏']
159,87941705,['–°–∫–æ—Ä–æ –∏ —Å—É–¥ –±–µ–∑ —É–≤–µ–¥–æ–º–ª–µ–Ω–∏—è –±—É–¥–µ—Ç)']
160,107425488,['–ò 10 –ª–µ—Ç —Å—Ä–æ—á–Ω–æ–π —Å–ª—É–∂–±—ã –∫–∞–∫ –≤ –°–µ–≤–µ—Ä–Ω–æ–π –ö–æ—Ä–µ–µ –±—ã–ª–æ –±—ã –Ω–µ–ø–ª–æ—Ö–æ –≤–≤–µ—Å—Ç–∏.']
161,298750644,['–ü—É—Å—Ç—å –≥–æ—Å–¥—É–º–∞ –∏–¥—ë—Ç –Ω–∞—Ö—É–π.\n–¢–∞–º –µ–π —Å–∞–º–æ–µ –º–µ—Å—Ç–æ']
162,50863969,['–ß—ë –≤—Å–µ –∞—Ä–º–∏—é –±–æ—è—Ç—Å—è. –≠—Ç–æ –∂–µ —Ü–µ–ª—ã–π –≥–æ–¥ –æ—Ö—É–∏—Ç–µ–ª—å–Ω—ã—Ö –∏—Å—Ç–æ—Ä–∏–π –Ω–∞ –≤—Å—é –∂–∏–∑–Ω—å.']
163,36479441,['–î—É–ª—è –≤–∞–º –Ω–∞ –≤–æ—Ä–æ—Ç–Ω–∏–∫)))']
164,606455314,['–ó–∞—á–µ–º –¥–µ–Ω—å–≥–∏ –≤ –¥–æ–ª–ª–∞—Ä—ã –ø–µ—Ä–µ–≤–æ–¥–∏—Ç—å? –í –±—É–¥—É—â–µ–º –¥–æ–ª–ª–∞—Ä —Ä–∞–∑–≤–∞–ª–∏—Ç—Å—è –∏ —Ä—É–±–ª—å —Å—Ç–∞–Ω–µ—Ç –º–∏—Ä–æ–≤–æ–π –≤–∞–ª—é—Ç–æ–π. –û–± —ç—Ç–æ–º –≥–æ–≤–æ—Ä–∏–ª –¥–∞–∂–µ –ñ–∏—Ä–∏–Ω–æ–≤—Å–∫–∏–π.']
165,309837704,"['–ù–æ—Ä–º, —á–µ—Ä–µ–∑ –º–µ—Å—è—Ü 106 –±—É–¥–µ—Ç']"
166,380356830,['']
167,619742503,['–ê –ø–æ—Å–ª–µ –≤—ã—Å—Ç—É–ø–ª–µ–Ω–∏–µ –ø—É—Ç–∏–Ω–∞ —Å—Ç–∞–ª–æ 4 –¥–æ–ª–ª–∞—Ä–∞']
168,297088624,"['–°–∫–æ—Ä–æ –≤–æ–∑–º–æ–∂–Ω–æ –¥–æ–ª–ª–∞—Ä –Ω–µ –±—É–¥–µ—Ç –∫–æ–Ω–≤–µ—Ä—Ç–∏—Ä–æ–≤–∞—Ç—å—Å—è –≤ —Ä—Ñ\n–ù–µ –¥—É–º–∞—é, —á—Ç–æ —ç—Ç–æ –≥–µ–Ω–∏–∞–ª—å–Ω—ã–π —Ö–æ–¥\n–í–æ—Ç –ø–æ–∫—É–ø–∫–∞ –≤–∫ –≤ –¥–µ–Ω—å –æ–±–≤–∞–ª–∞ –≤—Å–µ—Ö –∞–∫—Ü–∏–π –†–æ—Å—Å–∏–∏\n–í–æ—Ç —ç—Ç–æ –≤–æ–∑–º–æ–∂–Ω–æ –±—ã–ª —Ö–∏—Ç—Ä—ã–π —Ö–æ–¥\n–ú–Ω–æ–≥–∏–µ —Ç–∞–∫ —Å–¥–µ–ª–∞–ª–∏']"
169,626371865,['']
170,340328649,['–ù–∞–¥ –≤ –∞–∫—Ü–∏–∏ –≤ —Ä—É–±–ª–∏ –≤–∫–ª–∞–¥—ã–≤–∞—Ç—å –ø–æ—Ç–æ–º —Å—Ç–æ—è—Ç—å –±—É–¥–µ—Ç –∫–∞–∫ —â–∞—Å –±–∏—Ç–∫–æ–∏–Ω —Ö–¥']
171,326452742,['']
172,516327658,['–í–æ—Ç –¥—É—Ä–∞..']
173,610493597,['–ò–¥–µ–∞–ª –æ—Ç–Ω–æ—à–µ–Ω–∏–π –∏ –ø–æ–Ω–∏–º–∞–Ω–∏—è –∏ –¥–æ—Å—Ç–æ–π–Ω—ã–µ –ø—Ä–∏–∫–æ–ª—ã']
174,476895632,['–ü–æ–¥–∞—Ä–∏—Ç–µ –ø–æ–¥–∞—Ä–æ–∫ –±–µ—Å–ø–ª–∞—Ç–Ω—ã–π –ø–ª–∏–∑ü•∫ü•∫']
175,387606757,['–ù–∏—á–µ–≥–æ –Ω–µ–æ–±—ã—á–Ω–æ–≥–æ)–´—ã']
176,299188194,['—Å–≤–µ—Ç –æ—Ç–∫–ª—é—á–∏–ª–∏?']
177,590929851,['']
178,37692245,['–ê —Ä–∞–∑–≤–µ –≤–∏–¥—é—Ö–∞ –Ω–µ –¥–æ–ª–∂–Ω–∞ –æ—Ç —ç—Ç–æ–≥–æ –≤–æ–∑–≤–µ—Å—Ç–∏—Å—å –≤–æ –≤—Ç–æ—Ä—É—é —Å—Ç–µ–ø–µ–Ω—å –∏ —Å—Ç–∞—Ç—å —É–±–µ—Ä–≤–∏–¥—é—Ö–æ–π?']
179,3418834,"['–ò–Ω—Ç–µ—Ä–µ—Å–Ω–æ, –∞ —á—Ç–æ –ø—Ä–∏ —Ç–∞–∫–æ–º –ø–æ–¥–∫–ª—é—á–µ–Ω–∏–∏ –ø—Ä–æ–∏–∑–æ–π–¥–µ—Ç —Å –∂–µ–ª–µ–∑–æ–º ?! –ò —á—ë –ø–æ–∫–∞–∂–µ—Ç –µ—Å–ª–∏ –Ω–∞ –¥–æ–ø –≤–∏–¥—è—Ö–µ –ø–æ–¥–∫–ª—é—á–∏—Ç—å—Å—è —á–µ—Ä–µ–∑ hdmi ?']"
180,495075112,['–î–∞–∂–µ –∫–æ–º–ø –≤–∫–ª—é—á—ë–Ω']
181,208473501,"['–£–º–Ω—ã–µ –º—ã—Å–ª–∏ —á–∞—Å—Ç–æ –ø—Ä–µ—Å–ª–µ–¥–æ–≤–∞–ª–∏ –µ–≥–æ/–µ–µ, –Ω–æ –æ–Ω/–æ–Ω–∞ –æ–∫–∞–∑–∞–ª—Å—è(–ª–∞—Å—å) –±—ã—Å—Ç—Ä–µ–µ.']"
182,86654646,['–ù–∞–∫–ª–∞–¥–Ω—ã–µ –≤–æ–ª–æ—Å—ã.. –ê –Ω–µ –ø—Ä–∏—á–µ—Å–∫–∏ —ç—Ç–æ. –ü—Ä–æ—Å—Ç–æ –æ–Ω–∏ –≤ –≥–ª–∞–∑–∞ –¥–æ–ª–±—è—Ç—Å—è –∏ –Ω–µ –º–æ–≥—É—Ç –ø–æ–¥–æ–±—Ä–∞—Ç—å —Ü–≤–µ—Ç']
183,173366370,['–õ—è —è –±—ã —Ä–∏—Å–∫–Ω—É–ª']
184,270980234,['–ò–Ω—Ç–µ—Ä–µ—Å—É–µ—Ç —Å–∫–æ–ª—å–∫–æ –¥–æ–ª–±–æ–µ–±–æ–≤ –æ—Ç–∫–ª–∏–∫–Ω—É—Ç—å—Å—èüòâüòÑüòÑ']
185,35286093,['–ù–∞ –≥–æ–¥ –º–æ–∂–Ω–æ –∏ –ø–æ–º–µ–Ω—è—Ç—å']
186,-182859185,['–ü—Ä–æ—Å—Ç–æ –Ω—É–∂–Ω–æ —Å—Ç–∞–≤–∏—Ç—å –Ω–∞ —Ö–æ–ª–æ–¥–Ω—ã–π –≤–æ–∑–¥—É—Ö']
187,105924253,['–ü—Ñ—Ñ —Ç–∏–ø–∏—á–Ω–∞—è —Å–∏—Ç—É–∞—Ü–∏—è –¥–ª—è —Ö–æ–ª–æ—Å—Ç—è–∫–∞']
188,160420542,['–£ –∑–∞–∂–∏—Ç–æ—á–Ω—ã—Ö –ª—é–¥–µ–π 2 –ø–∞—Ä—ã –Ω–æ—Å–∫–æ–≤']
189,390440411,['–ê–≥–∞ –∏ —Å–≥–æ—Ä–µ–ª –∫ —Ö–µ—Ä–∞–º —Ç–æ—Ç —Ñ–µ–Ω']
190,90156983,['–†–µ–∑–∏–Ω–∫–∞ –Ω–µ –≤—ã—Å–æ—Ö–Ω–µ—Ç']
191,138677011,"['–≠—Ç–æ –Ω–µ –¥–∞–π—Å–æ–Ω, —Ç–∞–∫ —á—Ç–æ –Ω–µ —Å—Ç—Ä–∞—à–Ω–æ']"
192,471333588,['–£ –º–µ–Ω—è —Å—ã–Ω —à—Ç–∞–Ω—ã —Ç–∞–∫ —Ä–µ–≥—É–ª—è—Ä–Ω–æ —Å—É—à–∏–ª.']
193,16329022,"['', '–ê —á–µ –∑–∞ –ø–µ—Å–Ω—è']"
194,369805174,"['–•—É—è –±–∞–±–∫–∞ –∂–≥–µ—Ç, –Ω–∞ —Å–∫–µ–π—Ç–µ –ø–æ –∑–µ–º–ª–µ‚Ä¶..']"
195,55660445,['–ó–∞—á–µ–º –µ–π –∑–æ–Ω—Ç?']
196,12430295,"['–í—ã –≤–æ—Ç —É–≥–∞—Ä–∞–µ—Ç–µ, –∞ —Ç–∞–∫–∏—Ö –¥–µ..–ª–æ–≤ –≥–æ—Ä—ã']"
197,117559044,"['–≥–ª–∞–≤–Ω–æ–µ, —á—Ç–æ –Ω–µ –≤—Ä–∞—á–∏)']"
198,608749982,"['–¢–æ—Ä—Ç —Å–º–µ—à–Ω–æ–π, –Ω–æ –≤—ã–≥–ª—è–¥–∏—Ç –Ω–µ–∞–ø–µ—Ç–∏—Ç–Ω–æ))']"
199,36809354,['–ü—Ä–∏–ø–∞—Ä–∫–æ–≤–∞–ª—Å—è –µ–∂–∂–∂–∏']
200,3188609,"['–ê —á—ë –Ω–µ —Ç–∞–∫? –ù–æ—Ä–º —Ç–æ—Ä—Ç –∏ –ø–æ–∑–¥—Ä–∞–≤–ª–µ–Ω–∏–µ. –û—Ç –¥—É—à–∏, –µ–∂–∏']"
201,67832942,"['–ù–µ –º–æ–Ω–µ—Ç—É –∫–∏–Ω—É–ª, –∞ —Å–∫–æ—Ä–µ–µ –¥–∞–ª –∑–∞–≤–æ–¥—É —Å–≤–æ–π —á–µ—Ä—Ç–µ–∂, –∞ –∑–∞–≤–æ–¥ —Å–¥–µ–ª–∞–ª –ø–æ –Ω–µ–º—É –±–∞–Ω–∫—É.']"
202,81976275,"['–ê –µ–π –Ω–∏—á–µ–≥–æ –∏ –Ω–µ –Ω–∞–¥–æ –±—É–¥–µ—Ç –æ—Ç–≤–µ—á–∞—Ç—å, —ç—Ç–æ—Ç –±—Ä–µ–¥ –±—É–¥–µ—Ç –º–∏–Ω—É—Å–æ–º –≤ —Å—É–¥–µ –¥–ª—è —ç—Ç–æ–≥–æ –¥–µ–±–∏–ª–∞.']"
203,21555142,['–ò–∑ –∫–∞–∫–æ–≥–æ —ç—Ç–æ –º—É–ª—å—Ç–∏–∫–∞?']
204,403119011,['–ù—É —Ç–∞–∫ –∫–∏–¥–∞–π –¥–∞–ª—å—à–µ –º–æ–Ω–µ—Ç–∫–∏ –≤ –∞–≤—Ç–æ–º–∞—Ç –≤ –Ω–∞–¥–µ–∂–¥–µ –ø–æ–ª—É—á–∏—Ç—å —Ä–µ–±—ë–Ω–∫–∞))) —Å –ª—é–¥—å–º–∏ —ç—Ç–æ –Ω–µ —Ä–∞–±–æ—Ç–∞–µ—Ç']
205,120895571,"['–¢–∞–∫ –∞ —á—å—è –∫–æ–Ω—á–∞ –ø–æ—Å–ø–æ—Å–æ–±—Å—Ç–≤–æ–≤–∞–ª–∞ –æ–±—Ä–∞–∑–æ–≤–∞–Ω–∏—é —ç–º–±—Ä–∏–æ–Ω–∞ –≤ –∂–∏–≤–æ—Ç–µ –∂–µ–Ω—â–∏–Ω—ã? –°–æ–æ—Ç–≤–µ—Ç—Å—Ç–≤–µ–Ω–Ω–æ. –û–¥–Ω–æ –±–µ–∑ –¥—Ä—É–≥–æ–≥–æ, –Ω–µ–≤–æ–∑–º–æ–∂–Ω–æ.']"
206,132395304,"['–ï—Å–ª–∏ –±—ã –æ—Ç—Ü—ã –ø–æ—Å–ª–µ —Ä–∞–∑–≤–æ–¥–∞ –æ—á–µ–Ω—å –æ—á–µ–Ω—å —Ö–æ—Ç–µ–ª–∏ –æ—Å—Ç–∞–≤–∏—Ç—å –¥–µ—Ç–µ–π —Å–µ–±–µ, —Ç–æ —Ç–∞–∫ –∏ –±—ã–ª–æ –±—ã.']"
207,267625122,['–°—Ä–∞–≤–Ω–∏–≤–∞—Ç—å –∂–µ–Ω—â–∏–Ω—É —Å –∞–≤—Ç–æ–º–∞—Ç–æ–º –∏ –∑–∞–≤–æ–¥–æ–º –º–º–º–ºü§°']
208,297451731,"['–†–µ–±—ë–Ω–æ–∫ –¥–æ–ª–∂–µ–Ω –æ—Å—Ç–∞–≤–∞—Ç—å—Å—è —Å —Ç–µ–º,—Å –∫–µ–º –µ–º—É –ª—É—á—à–µ –±—É–¥–µ—Ç.  –ö –∫–æ–º—É –æ–Ω(—Ä–µ–±–µ–Ω–æ–∫) –±–æ–ª—å—à–µ –ø—Ä–∏–≤—è–∑–∞–Ω –∏ –∫—Ç–æ –º–æ–∂–µ—Ç –µ–º—É –±–æ–ª—å—à–µ –¥–∞—Ç—å‚òù']"
209,255646905,['–ü–æ—á–µ–º—É —Ç–∞–∫ –º–Ω–æ–≥–æ –∞–≤—Ç–æ–º–∞—Ç–æ–≤ –æ–±–∏–¥–µ–ª–∏—Å—å??üëÄ']
210,423123186,"['–ü–µ—Ä–≤–∞—è –æ–≥–æ–Ω—å', '–° –æ–¥–Ω–æ–π —Å—Ç–æ—Ä–æ–Ω—ã –∏ –Ω–µ –ø—Ä–∏–µ–±–∞—Ç—å—Å—è']"
211,325112076,['–ü–µ—Ä–≤–∞—è —Ç–æ–ø—á–∏–∫']
212,23958709,['']
213,81792124,"['–ì–æ—Å–ø–æ–¥–∏, —á–µ—Ç—Ä–æ–≤ –ø—Ä–∏—Ö–æ–ø–∞—Ç']"
214,56010429,['']
215,269792818,['–ü–µ—Å–Ω—è –æ–≥–æ–Ω—å )']
216,596732,['–ö—Ä—É—Ç–∞—è –ø–µ—Å–Ω—è']
217,583596962,['–°–∫—É—á–Ω–æ . –ö–∞—Ç–∞—é—Å—å –ø–æ –ö—Ä–∞—Å–Ω–æ–¥–∞—Ä—É . –ú–Ω–µ 32. –ö—Ç–æ —Å–æ—Å—Ç–∞–≤–∏—Ç –∫–æ–º–ø–∞–Ω–∏—é?']
218,80101190,['–•–æ—á—É..']
219,402493512,['–î–æ–±–∞–≤—å—Ç–µ –≤ –¥—Ä']
220,364944147,"['[id458365168|–ú—É—Ä–∫–∞–æ—Ç–≤–µ—Ç—å]', '–ú—É—Ä–∫–∞–æ—Ç–≤–µ—Ç—å']"
221,361867443,['']
222,542890345,"['–õ–ê–ô–ö –ù–ê –°–¢–ï–ù–£ –õ–ê–ô–ö –ù–ê –°–¢–ï–ù–£ –õ–ê–ô–ö –ù–ê –°–¢–ï–ù–£ –õ–ê–ô–ö –ù–ê –°–¢–ï–ù–£ –õ–ê–ô–ö –ù–ê –°–¢–ï–ù–£', '–õ–ê–ô–ö –ù–ê –°–¢–ï–ù–£ –õ–ê–ô–ö –ù–ê –°–¢–ï–ù–£ –õ–ê–ô–ö –ù–ê –°–¢–ï–ù–£ –õ–ê–ô–ö –ù–ê –°–¢–ï–ù–£ –õ–ê–ô–ö –ù–ê –°–¢–ï–ù–£']"
223,619220464,['–ê–ø–∞—Ç–∏—Ç—ã –µ—Å—Ç—å –∫—Ç–æ ?']
224,458834610,['']
225,287734281,"['–ö–∞–∫ —É–∑–Ω–∞—Ç—å –∫–æ–≥–¥–∞ –ø—Ä–æ–π–¥—ë—Ç —Ç–µ–Ω–µ–≤–æ–π –±–∞–Ω –≤ –±–æ—Ç–µ —Ç–≥, –º–Ω–µ –ø—Ä–æ—Å—Ç–æ —Ç–∞–∫ –Ω–∞–∫–∏–¥–∞–ª–∏ –∂–∞–ª–æ–± –∏ –º–æ—è –∞–Ω–∫–µ—Ç–∞ –≤ –±–∞–Ω–µ —É–∂–µ 3 –º–µ—Å—è—Ü–∞:(']"
226,136975869,['–î–∞–≤–∞–π —Ç–æ–∂–µ —Ä–µ–±–µ–Ω–∫—É –∫–æ—Å—Ç—é–º —á–µ–ª–æ–≤–µ–∫–∞ –ø–∞—É–∫–∞ –∫—É–ø–∏–º']
227,544228923,['–°–æ–≥–ª.']
228,672080634,['']
229,612031105,['admin dayn –∫–æ–º–º–µ–Ω—Ç—ã –Ω–µ —É–¥–∞–ª—è–π']
230,494174098,"['–ê—Ö–∞—Ö–∞—Ö, –ø–æ–º–µ–Ω—è–ª —Å—Ä–∞–∑—É, –ø–æ–Ω—è–ª —á–µ–º –¥–µ–ª–æ –ø–∞—Ö–Ω–µ—Ç)ü§£']"
231,620117310,"['', '–ë–ª–∏–Ω! –î–∞ –≤—ã –ª—é–±—É—é –¥–µ–≤—É—à–∫—É —Ä–∞–∑–±—É–¥–∏—Ç–µ –≤ 3 —á–∞—Å–∞ –Ω–æ—á–∏, –∏ –±—É–¥–µ—Ç —Ç–æ—á–Ω–æ —Ç–∞–∫–∞—è —Ñ–æ—Ç–∫–∞))', '–°–ª–∏—à–∫–æ–º —Å—Ç–∞—Ä–∞–≥–æ –¥—è–¥—é –ø–æ–∫–∞–∑–∞–ª–∏, –Ω–µ –¥–æ —Ç–∞–∫–æ–π —Å—Ç–µ–ø–µ–Ω–∏, —ç—Ç–æ –¥–∞–≤–Ω–æ –±—ã–ª–æ)']"
232,667170933,['üëåüèªüëçüî•']
233,267043631,"['–í—ã –∑–∞–¥—Ä–æ—á–∏—Ç–µ —á–µ–ª–æ–≤–µ–∫–æ–º –ø–∞—É–∫–æ–º, –∫–∞–∫ –∏ –ø–æ—Å—Ç–∞–º–∏ —Å –ø—Ä–∏–∫–æ–ª–∞–º–∏ –ø—Ä–æ –∫–æ—Ä–æ–Ω—É']"
234,435665657,['–ï—â—ë –∑–∞ 100 –º–µ—Ç—Ä–æ–≤ –æ—Ç –ø—Å–∏–Ω –≤—Å—Ç–∞–ª–∏ –∏ —Å—Ñ–æ—Ç–∫–∞–ª–∏ –±—ã']
235,460069317,['–ü–∑–¥—Ü –¥–∏–Ω–æ–∑–∞–≤—Ä—ã –∫–∞–∫–∏–µ —Ç–æ']
236,526539395,['–¢–µ–ø–µ—Ä—å –ø–æ—Å–º–æ—Ç—Ä–∏–º –Ω–∞ –ê–ª–∞–±–∞—è –∏–ª–∏ –∫–∞–≤–∫–∞–∑—Å–∫—É—é –æ–≤—á–∞—Ä–∫—É']
237,216842320,['']
238,446665261,['–ì–ª–∞–≤–Ω–æ–µ –∫–æ—Ä–º–∏—Ç—å –≤–æ –≤—Ä–µ–º—è –∞ —Ç–æ —Å–∞–º —Å—Ç–∞–Ω–µ—à—å –∫–æ—Ä–º–æ–º']
239,420203281,"['–û–Ω–∏ —Å–∞–º–∏ –∫–æ–≥–æ —É–≥–æ–¥–Ω–æ –æ–≥—Ä–∞–±—è—Ç', '–í—Å–µ—Ö —Å –ø—Ä–∞–∑–¥–Ω–∏–∫–æ–º 23 —Ñ–µ–≤—Ä–∞–ª—è!']"
240,283247233,['–ö—É—à–∞—é—Ç –æ–Ω–∏ –∫–∞–∫ –±–æ–¥–∏–±–∏–ª–¥–µ—Ä—ã']
241,187022625,['–≠—Ç–∏ —Ä–µ–±—è—Ç–æ—á–∫–∏ —Å–∞–º—ã–µ –º–∏–ª—ã–µ –ø–ª—é—à–∫–∏. –ò–Ω–æ–≥–¥–∞ –¥–∞–∂–µ —Å–∞–º–∏ –±–æ—è—Ç—Å—èüòç']
242,544111171,['—É –º–µ–Ω—è —Ç–∞–∫–æ–π –±—ã–ª —Å–≤–æ—ë –≥–æ–≤–Ω–æ –∂—Ä–∞–ª üòÇ']
243,471386670,['–ê—Ö—Ö–∞—Ö–∞ –¥–∞ –≥—Ä–∞–±–∏—Ç–µ–ª—å –∂–µ –±—É–¥–µ—Ç –≥–æ–ª—ã–º–∏ —Ä—É–∫–∞–º–∏ –≤–ª–∞–º—ã–≤–∞—Ç—å—Å—è üòÇ']
244,515352632,"['–ü–æ–ª–Ω–æ—Å—Ç—å—é –µ–≥–æ –∑–∞—Å–ª—É–≥–∞, –∏–Ω—Ñ–∞ —Å–æ—Ç–∫–∞']"
245,587800642,"['–æ—Ç–ª–∏—á–Ω–æ–≥–æ –¥–Ω—è –≤–∞–º —Ä–µ–±—è—Ç–∫–∏, –≤—Å–µ–≥–æ —Ö–æ—Ä–æ—à–µ–≥–æ, —Å 23 —Ñ–µ–≤—Ä–∞–ª—è –≤–∞—Å)']"
246,621877863,['–° –æ–¥–Ω–æ–∫–ª–∞—Å—Å–Ω–∏–∫–æ–≤ –º–µ–º –≤–∑—è–ª–∏?']
247,406760847,['']
248,704339628,['–ó–∞—Ä–∞–±–æ—Ç–æ–∫ –Ω–∞ –ø–µ—Ä–µ–ø—Ä–æ–¥–∞–∂–µ NFT\n–ü–∏—Å–∞—Ç—å –≤ –ª—Å']
249,696722013,"['–•–∞—Ö–∞—Ö–∫', '–•–∞—Ö–∞—Ö–∞—Ö']"
250,513674402,['']
251,602566254,"['–ü–∞—Ü–∞–Ω—ã,—Å –ø—Ä–∞–∑–¥–Ω–∏–∫–æ–º!üíã']"
252,305028245,['–ï–≥–æ –∂–µ–Ω–∞ –ø—Ä–æ—Å—Ç–æ —Å–Ω–∏–º–∞–µ—Ç']
253,338208901,"['–ï—Å–ª–∏ —á–µ—Å—Ç–Ω–æ, —Ç–æ –ø–æ—Ä–æ–π —Ä–µ–∞–ª—å–Ω–æ —Å—Ç—ã–¥–Ω–æ —Å–º–æ—Ç—Ä–µ—Ç—å –Ω–∞ –∂–µ–Ω—Å–∫—É—é –ø–æ–ø—É, —ç—Ç–æ –∂–µ –∫–∞–∫-—Ç–æ –Ω–µ–ø—Ä–∞–≤–∏–ª—å–Ω–æ —á—Ç–æ-–ª–∏.']"
254,661636788,"['–∂–∏–∑–∞, –¥–∞ –ø–∞—Ü–∞–Ω—ã?']"
255,612009997,"['', '', '']"
256,676145554,"['–ò –ø—Ä–∞–≤–¥–∞, —á—Ç–æ –∑–∞ –Ω–µ—É–≤–∞–∂–µ–Ω–∏–µ –∫ —Å–≤–æ–∏–º –∂—ë–Ω–∞–º? –ò –∫—É–¥–∞ —Ç–æ–ª—å–∫–æ –ø—Ä–∞–≤–∏—Ç–µ–ª—å—Å—Ç–≤–æ —Å–º–æ—Ç—Ä–∏—Ç..']"
257,706517979,"['–í–°–ï–• –° –ü—Ä–∞–∑–¥–Ω–∏–∫–æ–º!23 —Ñ–µ–≤—Ä–∞–ª—è –º—É–∂—á–∏–Ω—ã –±—Ä–∞—Ç—å—è!\n\nP.S.\n–µ—Å–ª–∏ –∫–æ–º—É –Ω–µ —Å–æ—Å—Ç–∞–≤–∏—Ç —Ç—Ä—É–¥–∞ –≤ —á–µ—Å—Ç—å 23 (üçû\n–ù–∞ —Ö–ª–µ–±, –º–∞–∑–∏–∫ –∫—Ç–æ —Å–∫–æ–ª—å–∫–æ –º–æ–∂–µ—Ç\n–°–±–µ—Ä üí≥5469510013225330\n–ù–∞ 23 –¥–∞–∂–µ —Ä—É–±–ª—è –Ω–µ—Ç..\n–ò –¥–∞\n–Ø –∑–∞ –º–∏—Ä —É–æ –≤—Å—ë–º –º–∏—Ä–µ –∏ —Å –£–ö—Ä–∞–∏–Ω–æ–π –≤ —Ç–æ–º —á–∏—Å–ª–µ –∞ –≤—ã? \nU.P.D.\n–ò —ç–∫—Å–∫–ª—é–∑–∏–≤–Ω–æ–µ —Ñ–æ—Ç–∞ —Ä–∞–∑–≤–µ–¥–∫–∏  —Ñ—Ä–∞–Ω—Ü–∏–∏\n–ó–µ–ª–µ–Ω—Å–∫–∏–π –±–µ—Ä—ë—Ç –∫—Ä—ã–º ..23 —Ñ–µ–≤—Ä–∞–ª—è\nP.S\n–û—Ä—É–∂–∏–µ –º–∞–∫—Ä–æ–Ω–∞.\n\nP.S –û—Ç –¥—É—à–∏ –±–ª–∞–≥–æ–¥–∞—Ä—é –∑–∞ 10 —Ä—É–±, –±–æ–ª—å—à–æ–µ —Å–ø–∞—Å–∏–±–æ —Ç–µ–±–µ –ú–∞–∫—Å–∏–º! –¢—ã –ª—É—á—à–∏–π –∏ —Å –ø—Ä–∞–∑–¥–Ω–∏–∫–æ–º –µ—â—ë —Ä–∞–∑']"
258,506936291,['–í—Å–µ—Ö —Å –ø—Ä–∞–∑–¥–Ω–∏–∫–æ–º –ø–∞—Ü–∞–Ω—ã —É—Ä–∞–∞–∞–∞üí™üëäüòé']
259,537519640,"['', '', '']"
260,646106442,['–ê –ò–∑–º–∞–π–ª–æ–≤ —Å—Ñ–æ—Ç–∫–∞–ª']
261,406487141,['–æ–Ω–∏–º–µ –¥–∏—á—å']
262,650905180,['–ó–∞—á–µ–º –∑–∞–º–∞–∑—ã–≤–∞—Ç—å —Ñ–∞–º–∏–ª–∏—é –≤ –æ–¥–Ω–æ–º –º–µ—Å—Ç–µ –∏ –ø–æ–∫–∞–∑—ã–≤–∞—Ç—å –≤ –¥—Ä—É–≥–æ–º?']
263,444352041,"['–° 23 —Ñ–µ–≤—Ä–∞–ª—è –º—É–∂—á–∏–Ω—ã.\n–ß—Ç–æ–± —Ö*–π —Å—Ç–æ—è–ª –∏ –ª–∞–≤–∞–Ω–¥–æ—Å –±—ã–ª.\n–ù—É –∫–æ—Ä–æ—á–µ,—á—Ç–æ–± –≤—Å—ë –∫–∞–∫ —É –º–µ–Ω—è.']"
264,658227433,['–ù–µ—Ç. –û–Ω –º–æ–∂–µ—Ç –ø—Ä–æ—Å—Ç–æ –∑–∞–±–ª–æ–∫–∞—Ç—å']
265,629698644,['–ø–æ–¥–∞—Ä–∏—Ç–µ –±–µ—Å–ø–ª–∞—Ç–Ω—ã–µ –ø–æ–¥–∞—Ä–∫–∏ –ø–∞–∂—ç']
266,59931374,['–õ—É—á—à–µ –ø–æ–¥–∞—Ä–æ—á–µ–∫ –±–µ—Å–ø–ª–∞—Ç–Ω—ã–π –ø–æ–¥–∞—Ä–∏—Ç–µ –≤ —á–µ—Å—Ç—å 23 —Ñ–µ–≤—Ä–∞–ª—è)0']
267,195344144,['–ü—Ä–æ—Å—Ç–æ —Ä–∞–∫—É—Ä—Å –Ω—É–∂–Ω—ã–π –ø–æ–¥–æ–±—Ä–∞–ª–∞']
268,466271141,['']
269,259739158,"['–û—á–µ—Ä–µ–¥–Ω–∞—è –ø–æ–ø—Å–æ–≤–∞—è —Ñ–∏—Ñ–∞, –∫–æ—Ç–æ—Ä—É—é –∑–Ω–∞—é—Ç —Ç–æ–ª—å–∫–æ –±–ª–∞–≥–æ–¥–∞—Ä—è –ø—Ä–æ–¥—é—Å–µ—Ä—É, –∞ –Ω–µ —Ç–∞–ª–∞–Ω—Ç—É']"
270,621939047,['']
271,526733101,['—Ä–∞–∫—É—Ä—Å —Ä–µ—à–∞–µ—Ç']
272,96527054,['–∫–∞—Ä–Ω–∞–≤–∞–ª —Ö–æ—Ä–æ—à–µ–Ω—å–∫–∞—è –∫–æ–Ω–µ—á–Ω–æ']
273,576684834,"['–∞–¥–º–∏–Ω —Ç—ã –Ω–æ—Ä–º?', '–∑–∞–≤–∏—Å—Ç—å –ø–ª–æ—Ö–æ–µ —á—É–≤—Å—Ç–≤–æ']"
274,507819301,['']
275,695475522,['–ê –µ—â—ë –º–∞–ª–µ–Ω—å–∫–∏–µ —Ñ–µ–µ—á–∫–∏ –í–∏–Ω–∫—Å']
276,246609148,['—É –º–æ–µ–π –±–∞–±—É—à–∫–∏ –¥–æ —Å–∏—Ö –ø–æ—Ä –æ–Ω–∏ –ª–µ–∂–∞—Ç']
277,187496469,['–ê –°–º—É—Ä—Ñ–∏–∫–∏ –≥–¥–µ?ü§î']
278,567947880,['–ü–∏–Ω–≥–≤–∏–Ω—ã –µ—â–µ']
279,564976689,['–£ –º–µ–Ω—è –æ–Ω–∏ –≤—Å√´ —Ç–∞ –µ—Å—Ç—å']
280,635308376,['']
281,8312455,['–£ –º–µ–Ω—è –±—ã–ª–∞ –Ω–µ–±–æ–ª—å—à–∞—è  –∫–æ–ª–ª–µ–∫—Ü–∏—è –∞–∫—É–ª)']
282,672811121,['—Ö–≤–∞—Ç–∏—Ç —Ç–æ–∫—Å–∏—á–∏—Ç—å']
283,541933647,['—à–∞–ª–æ–ø—É—Ç']
284,182854212,['']
285,376848745,['–í—Å–µ–º –¢–æ–∫—Å–∏–∫–∞–º —Å—é–¥–∞! –ö–æ—à–∫–∞ –≤–∏–¥–∏–º–æ –Ω–∞—É—á–∏—Ç —Ü–∞—Ä–∞–ø–∞—Ç—å –∏ –≥–∞–¥–∏—Ç—å –≤ —Ç–∞–ø–∫–∏!üòÇ\n–í–°–ï–• –° 23 –§–ï–í–†–ê–õ–Ø!üòâ']
286,165337935,"['–ù—É –Ω–µ –∑–Ω–∞—é,—É –º–æ–µ–≥–æ –Ω–æ—Ä–º–∞–ª—å–Ω–æ –≤—Å—ë']"
287,691518338,['–ù–∞—Ä–æ–¥ –ø–æ–º–æ–≥–∏—Ç–µ  –¢–¢: larik5050 \n–ü–æ–¥–ø–∏—à–∏—Ç–µ—Å—å –∏ –ø–æ—Å—Ç–∞–≤—å—Ç–µ –ª–∞–π–∫ \n–°–ø–æ—Ä —Å –¥—Ä—É–≥–æ–º –∫—Ç–æ –ø–µ—Ä–≤—ã–π 1–∫ –ª–∞–π–∫–æ–≤ –Ω–∞–±–µ—Ä—ë—Ç.']
288,457150770,['–¢–∞–∫ –≤–æ—Ç –≥–¥–µ —É—á–∞—Ç—å—Å—è —Å—Ç—ç–Ω–¥–æ—Ñ—Ñ–µ—Ä—ã']
